{"assets/icon/android_background.png":["assets/icon/android_background.png"],"assets/icon/android_foreground.png":["assets/icon/android_foreground.png"],"assets/icon/android_hdpi.png":["assets/icon/android_hdpi.png"],"assets/icon/android_mdpi.png":["assets/icon/android_mdpi.png"],"assets/icon/android_xhdpi.png":["assets/icon/android_xhdpi.png"],"assets/icon/android_xxhdpi.png":["assets/icon/android_xxhdpi.png"],"assets/icon/android_xxxhdpi.png":["assets/icon/android_xxxhdpi.png"],"assets/icon/app_icon_1024x1024.png":["assets/icon/app_icon_1024x1024.png"],"assets/icon/ios_20@1x.png":["assets/icon/ios_20@1x.png"],"assets/icon/ios_20@2x.png":["assets/icon/ios_20@2x.png"],"assets/icon/ios_20@3x.png":["assets/icon/ios_20@3x.png"],"assets/icon/ios_29@1x.png":["assets/icon/ios_29@1x.png"],"assets/icon/ios_29@2x.png":["assets/icon/ios_29@2x.png"],"assets/icon/ios_29@3x.png":["assets/icon/ios_29@3x.png"],"assets/icon/ios_40@1x.png":["assets/icon/ios_40@1x.png"],"assets/icon/ios_40@2x.png":["assets/icon/ios_40@2x.png"],"assets/icon/ios_40@3x.png":["assets/icon/ios_40@3x.png"],"assets/icon/ios_60@2x.png":["assets/icon/ios_60@2x.png"],"assets/icon/ios_60@3x.png":["assets/icon/ios_60@3x.png"],"assets/icon/ios_76@1x.png":["assets/icon/ios_76@1x.png"],"assets/icon/ios_76@2x.png":["assets/icon/ios_76@2x.png"],"assets/icon/ios_83.5@2x.png":["assets/icon/ios_83.5@2x.png"],"assets/icon/ios_marketing.png":["assets/icon/ios_marketing.png"],"assets/restaurants.json":["assets/restaurants.json"],"packages/cupertino_icons/assets/CupertinoIcons.ttf":["packages/cupertino_icons/assets/CupertinoIcons.ttf"]}